V1,spectra_means,spectra_names,spectra_rank
400,0.0514285132543595,x400,NA
401,0.0509293107140935,x401,NA
402,0.0501313704142988,x402,NA
403,0.04887127396001,x403,NA
404,0.0476700879327721,x404,NA
405,0.0465849050970897,x405,NA
406,0.0456757384898822,x406,NA
407,0.0451257616894489,x407,NA
408,0.0447266022644522,x408,NA
409,0.0443790962817493,x409,NA
410,0.0443274651700726,x410,NA
411,0.0443715696591593,x411,NA
412,0.0444475715714477,x412,NA
413,0.0445452515420762,x413,NA
414,0.0447207114220155,x414,NA
415,0.0448792122690209,x415,NA
416,0.0449733991389839,x416,NA
417,0.0451361234305207,x417,NA
418,0.0452372074732289,x418,NA
419,0.0452401918453371,x419,NA
420,0.0452218900146463,x420,NA
421,0.045215086723121,x421,NA
422,0.0451926583146124,x422,NA
423,0.0450139180715234,x423,NA
424,0.0447885289548315,x424,NA
425,0.0445596480791319,x425,NA
426,0.0443126395760095,x426,NA
427,0.0440906638679692,x427,NA
428,0.0438830885441389,x428,NA
429,0.0436886185304095,x429,NA
430,0.0436395068533316,x430,NA
431,0.0436413504990648,x431,NA
432,0.0436371704148787,x432,NA
433,0.0436691715730484,x433,NA
434,0.0437586585408542,x434,NA
435,0.0438810423693596,x435,NA
436,0.0439809232754096,x436,NA
437,0.0441180008069414,x437,NA
438,0.044256261916958,x438,NA
439,0.0443765487242855,x439,NA
440,0.0444506680052039,x440,NA
441,0.0444914846018182,x441,NA
442,0.0445173280820848,x442,NA
443,0.0445142310365958,x443,NA
444,0.0445005843779339,x444,NA
445,0.0444757593567963,x445,NA
446,0.0444129870972614,x446,NA
447,0.0443546293170324,x447,NA
448,0.0443101371474302,x448,NA
449,0.0442778094608728,x449,NA
450,0.0442942363779072,x450,NA
451,0.0443267552960465,x451,NA
452,0.0443419568609084,x452,NA
453,0.044394913962405,x453,NA
454,0.044445152559899,x454,NA
455,0.0444756437151145,x455,NA
456,0.0445334491725581,x456,NA
457,0.0445828876453152,x457,NA
458,0.0446202705781732,x458,NA
459,0.0446417880577622,x459,NA
460,0.0447161492816028,x460,NA
461,0.0448068640861375,x461,NA
462,0.04486881757242,x462,NA
463,0.0449497336885323,x463,NA
464,0.0450332527055309,x464,NA
465,0.0450328411305816,x465,NA
466,0.044992640280123,x466,NA
467,0.0449007073220088,x467,NA
468,0.044805298595418,x468,NA
469,0.0447255110192872,x469,NA
470,0.0446459551052359,x470,NA
471,0.0445611509382103,x471,NA
472,0.0444619867826846,x472,NA
473,0.0444184345017576,x473,NA
474,0.0443960654761358,x474,NA
475,0.0443706419375799,x475,NA
476,0.0443719737370255,x476,NA
477,0.04438737894651,x477,NA
478,0.044396533709722,x478,14
479,0.0443812848074503,x479,NA
480,0.0443411048265722,x480,NA
481,0.0443027235387631,x481,NA
482,0.0442764820611358,x482,NA
483,0.0442861512504263,x483,NA
484,0.0443449718868366,x484,NA
485,0.0444334444863582,x485,21
486,0.0445463225334733,x486,NA
487,0.0446793411735709,x487,NA
488,0.0448182337546864,x488,NA
489,0.0449718779381242,x489,NA
490,0.0451693029795686,x490,NA
491,0.0454007854981329,x491,NA
492,0.0456042445924823,x492,NA
493,0.0458357552430233,x493,NA
494,0.046104292672976,x494,NA
495,0.0464188234515907,x495,NA
496,0.0467798546790664,x496,NA
497,0.0471829148104903,x497,NA
498,0.047631866734181,x498,NA
499,0.0481248547190509,x499,NA
500,0.0486851250882741,x500,NA
501,0.0493344113329457,x501,NA
502,0.0500628692871333,x502,NA
503,0.0508739664673154,x503,NA
504,0.0517833810076642,x504,NA
505,0.0528198274263939,x505,NA
506,0.0539940766101989,x506,NA
507,0.05530959808742,x507,NA
508,0.0567645246430603,x508,NA
509,0.0583603591124484,x509,NA
510,0.0601092494044355,x510,NA
511,0.0620401808433348,x511,NA
512,0.0641517391862437,x512,NA
513,0.066435722401803,x513,NA
514,0.0688977549077908,x514,NA
515,0.071523479026778,x515,NA
516,0.0743013696749921,x516,NA
517,0.0772266228151014,x517,NA
518,0.0802788573695535,x518,NA
519,0.0834353180458509,x519,NA
520,0.0866611417186721,x520,NA
521,0.0899687284532798,x521,NA
522,0.0932952791592179,x522,NA
523,0.0965590984800085,x523,NA
524,0.0997610010847693,x524,NA
525,0.102876686071769,x525,NA
526,0.105869850459501,x526,NA
527,0.108734948593429,x527,NA
528,0.111432748964809,x528,NA
529,0.113938450617564,x529,NA
530,0.116257411440944,x530,NA
531,0.118381689547629,x531,NA
532,0.120323707394031,x532,NA
533,0.122059252698889,x533,NA
534,0.123611724316532,x534,NA
535,0.124990645557005,x535,NA
536,0.126215340919909,x536,NA
537,0.127299547476662,x537,NA
538,0.128249276802042,x538,NA
539,0.129107547412154,x539,NA
540,0.129888975316707,x540,NA
541,0.130588593730657,x541,NA
542,0.131246361806544,x542,NA
543,0.13188247999181,x543,NA
544,0.132483278409965,x544,NA
545,0.133052863242162,x545,NA
546,0.133604553287417,x546,NA
547,0.13413552838138,x547,NA
548,0.134614516146437,x548,NA
549,0.13503893633253,x549,NA
550,0.135393149814619,x550,NA
551,0.135646009283242,x551,NA
552,0.135780464095093,x552,NA
553,0.1357667975438,x553,NA
554,0.135593955935857,x554,NA
555,0.135247457046006,x555,NA
556,0.134709683474494,x556,NA
557,0.133987235235026,x557,NA
558,0.133103555525462,x558,NA
559,0.132061430233696,x559,NA
560,0.13087618356489,x560,NA
561,0.129540897090804,x561,NA
562,0.128070040663458,x562,NA
563,0.126485572005959,x563,NA
564,0.124782650807562,x564,NA
565,0.122959671384489,x565,NA
566,0.121017572721097,x566,NA
567,0.119016502633561,x567,NA
568,0.11695570672376,x568,NA
569,0.114841203838088,x569,NA
570,0.11267422563405,x570,NA
571,0.110512902636956,x571,NA
572,0.108409008969799,x572,NA
573,0.106347676770281,x573,NA
574,0.104381267036913,x574,NA
575,0.102514623260849,x575,NA
576,0.100739540463711,x576,NA
577,0.099057444743977,x577,NA
578,0.0974750593845465,x578,NA
579,0.0960018699690412,x579,NA
580,0.0946111118704836,x580,NA
581,0.0933115257471048,x581,NA
582,0.0921190503380685,x582,NA
583,0.0910017669338203,x583,NA
584,0.0899526658627449,x584,NA
585,0.0889853132332373,x585,NA
586,0.0880815177440614,x586,NA
587,0.0872408208024555,x587,NA
588,0.0864667933812825,x588,NA
589,0.0857514865805392,x589,NA
590,0.0851021246947777,x590,NA
591,0.0845185032865976,x591,NA
592,0.0839858110458597,x592,NA
593,0.083496563856771,x593,NA
594,0.0830511243338679,x594,NA
595,0.0826368315617592,x595,NA
596,0.0822495813421421,x596,NA
597,0.0818706527037886,x597,NA
598,0.0814870266231277,x598,NA
599,0.0810918617007568,x599,NA
600,0.0806766595330284,x600,NA
601,0.0802382281132814,x601,NA
602,0.0797550156416551,x602,NA
603,0.0792196543292012,x603,NA
604,0.0786323799177367,x604,NA
605,0.0779893856381767,x605,NA
606,0.077299048818436,x606,NA
607,0.0765570311850216,x607,NA
608,0.075776284469909,x608,NA
609,0.0749542391549443,x609,NA
610,0.0741139734507213,x610,NA
611,0.0732618311204011,x611,NA
612,0.0724117390557164,x612,NA
613,0.0715714820081953,x613,NA
614,0.0707442667870002,x614,NA
615,0.0699454240240207,x615,NA
616,0.0691915275930198,x616,NA
617,0.068472733015711,x617,NA
618,0.0677980589495079,x618,NA
619,0.067190322065551,x619,NA
620,0.0666517874894135,x620,NA
621,0.066173054914951,x621,NA
622,0.065742692298832,x622,NA
623,0.0653727380379137,x623,NA
624,0.0650575667093325,x624,NA
625,0.0647888866397742,x625,NA
626,0.0645749079496005,x626,NA
627,0.0643984665869314,x627,NA
628,0.0642459730727132,x628,NA
629,0.0641028615867005,x629,NA
630,0.0639649753022092,x630,NA
631,0.0638157988780182,x631,NA
632,0.0636323605330043,x632,NA
633,0.0634037009470237,x633,NA
634,0.0631166524153355,x634,NA
635,0.0627508488377941,x635,NA
636,0.0623073773966649,x636,NA
637,0.0617908104181919,x637,NA
638,0.061205189030118,x638,NA
639,0.0605647929189653,x639,NA
640,0.0598698743125983,x640,NA
641,0.0591309738013566,x641,NA
642,0.0583653867252747,x642,NA
643,0.0575823539363261,x643,NA
644,0.0568041070806319,x644,NA
645,0.0560496699129221,x645,NA
646,0.0553127686191084,x646,NA
647,0.0546055458961594,x647,NA
648,0.0539523019678633,x648,NA
649,0.0533538164539334,x649,NA
650,0.0528110053105158,x650,NA
651,0.0523190349243814,x651,NA
652,0.0518692678327669,x652,NA
653,0.0514405955075667,x653,NA
654,0.0510226519410195,x654,NA
655,0.0506037370575329,x655,NA
656,0.0501717806572783,x656,NA
657,0.0497310566996511,x657,NA
658,0.0492844417236097,x658,NA
659,0.0488263354599426,x659,NA
660,0.0483685558131918,x660,NA
661,0.0479179905397252,x661,NA
662,0.0474931278374571,x662,NA
663,0.0471031108883503,x663,NA
664,0.046755979225273,x664,NA
665,0.0464642306270762,x665,NA
666,0.046236584115091,x666,NA
667,0.0460679339553321,x667,NA
668,0.0459619373445417,x668,NA
669,0.0459253836502476,x669,NA
670,0.0459584802026139,x670,NA
671,0.0460640261533688,x671,NA
672,0.0462228591478176,x672,NA
673,0.0464385803700454,x673,NA
674,0.0467159679679778,x674,NA
675,0.0470502242914173,x675,NA
676,0.0474339119349629,x676,NA
677,0.0478788868686064,x677,NA
678,0.0483671751349879,x678,NA
679,0.0489047203272682,x679,NA
680,0.0494985931859572,x680,NA
681,0.05013777208,x681,NA
682,0.0508426506843781,x682,NA
683,0.0516341586807465,x683,NA
684,0.0525422694120306,x684,NA
685,0.0535753680576827,x685,NA
686,0.0547952984756421,x686,NA
687,0.0562675193057299,x687,NA
688,0.0580481304478077,x688,NA
689,0.0602467943022649,x689,NA
690,0.0629613368217426,x690,NA
691,0.0662068665674116,x691,NA
692,0.070109731685534,x692,NA
693,0.0748020942669176,x693,NA
694,0.0802907664410988,x694,NA
695,0.0865149863158578,x695,NA
696,0.0934852169343953,x696,NA
697,0.101271314749547,x697,NA
698,0.109837250239584,x698,NA
699,0.11894546498027,x699,NA
700,0.128716907606035,x700,NA
701,0.138945038402484,x701,NA
702,0.149472826603613,x702,NA
703,0.160323924254159,x703,NA
704,0.171455575688291,x704,NA
705,0.182719887319455,x705,NA
706,0.193966713126405,x706,NA
707,0.205412298516134,x707,NA
708,0.216810378487496,x708,NA
709,0.228112298131951,x709,NA
710,0.239477514311796,x710,NA
711,0.250670285407347,x711,NA
712,0.261830328442064,x712,NA
713,0.272916399145906,x713,NA
714,0.283732198715251,x714,NA
715,0.294559624092383,x715,NA
716,0.305201553038659,x716,NA
717,0.3156158572879,x717,NA
718,0.325994582008747,x718,NA
719,0.335968288898905,x719,NA
720,0.345751912065907,x720,NA
721,0.355439159678749,x721,NA
722,0.364877024100573,x722,NA
723,0.373897882840985,x723,NA
724,0.382678258784816,x724,NA
725,0.391232598827504,x725,NA
726,0.399360227284463,x726,NA
727,0.407276660561695,x727,NA
728,0.414933169127739,x728,NA
729,0.422235638771166,x729,NA
730,0.429094177517677,x730,NA
731,0.435749337027705,x731,NA
732,0.442083759500337,x732,NA
733,0.448054935756504,x733,NA
734,0.453693880857347,x734,NA
735,0.45895117956461,x735,NA
736,0.463894477566854,x736,NA
737,0.468570908190782,x737,NA
738,0.472910526836619,x738,NA
739,0.476912307542955,x739,NA
740,0.4805774570969,x740,NA
741,0.483945506732997,x741,NA
742,0.487092506014426,x742,NA
743,0.489958451408054,x743,NA
744,0.492564052100995,x744,NA
745,0.49494783667735,x745,NA
746,0.4970865161954,x746,NA
747,0.499021716661242,x747,NA
748,0.50076090247157,x748,NA
749,0.50233478304663,x749,NA
750,0.503761947135069,x750,NA
751,0.505059666658224,x751,NA
752,0.50623916943608,x752,NA
753,0.507278463490394,x753,NA
754,0.508201830105359,x754,NA
755,0.509020470726373,x755,NA
756,0.509746707781985,x756,NA
757,0.510367942170846,x757,NA
758,0.510927506405155,x758,NA
759,0.51142647123495,x759,NA
760,0.511855468524451,x760,NA
761,0.51220685583347,x761,NA
762,0.512525717966701,x762,NA
763,0.512788048985389,x763,NA
764,0.512992741554566,x764,NA
765,0.513171230316108,x765,NA
766,0.513327904333705,x766,NA
767,0.513441409849614,x767,NA
768,0.513536125936923,x768,NA
769,0.513602347852949,x769,NA
770,0.513651368543546,x770,NA
771,0.513684474640816,x771,NA
772,0.513705134099815,x772,NA
773,0.513729818692957,x773,NA
774,0.513754356897708,x774,NA
775,0.51375417644186,x775,NA
776,0.513751235547487,x776,NA
777,0.513761061702731,x777,NA
778,0.513762672191237,x778,NA
779,0.513745315721536,x779,NA
780,0.513765046648415,x780,NA
781,0.5137661844498,x781,NA
782,0.513783060414224,x782,NA
783,0.513774070527957,x783,NA
784,0.513787824448517,x784,NA
785,0.513822797860584,x785,NA
786,0.513821432927637,x786,NA
787,0.513833655985964,x787,NA
788,0.513861518547119,x788,NA
789,0.513870249354752,x789,NA
790,0.51387226453426,x790,NA
791,0.513883629209201,x791,NA
792,0.513876629714509,x792,NA
793,0.51387108861291,x793,NA
794,0.513876651735845,x794,NA
795,0.513880018743192,x795,NA
796,0.513888142047944,x796,NA
797,0.513880113668773,x797,NA
798,0.513904186213246,x798,NA
799,0.513920411541625,x799,NA
800,0.513948996884294,x800,NA
801,0.513971126359386,x801,NA
802,0.513991515514273,x802,NA
803,0.514014886001261,x803,NA
804,0.514033991733402,x804,NA
805,0.51404222952317,x805,NA
806,0.514061848394053,x806,NA
807,0.514053503630098,x807,NA
808,0.514081405363062,x808,NA
809,0.514058965550827,x809,NA
810,0.514040952742095,x810,NA
811,0.514034392944794,x811,NA
812,0.514012442747219,x812,NA
813,0.514033330449966,x813,NA
814,0.514032579127588,x814,NA
815,0.514041380440193,x815,NA
816,0.514058209733283,x816,NA
817,0.51406249177435,x817,NA
818,0.514049814729102,x818,NA
819,0.514078131413447,x819,NA
820,0.514071556527386,x820,NA
821,0.514064873375533,x821,NA
822,0.514060111341592,x822,NA
823,0.51408287543561,x823,NA
824,0.514099042006522,x824,NA
825,0.514077979572481,x825,NA
826,0.514043532791759,x826,NA
827,0.514008251337597,x827,NA
828,0.51397777067902,x828,NA
829,0.513965082793661,x829,NA
830,0.513977743954382,x830,NA
831,0.513961324269196,x831,NA
832,0.513947072288876,x832,NA
833,0.513934509298179,x833,NA
834,0.51392734058259,x834,NA
835,0.513909601760281,x835,NA
836,0.513919708518418,x836,NA
837,0.513907612347101,x837,NA
838,0.513924310894759,x838,NA
839,0.513932242104097,x839,NA
840,0.513951244941844,x840,NA
841,0.513956194589854,x841,NA
842,0.513950781442753,x842,NA
843,0.513945668236417,x843,NA
844,0.513962597050472,x844,NA
845,0.513987776507936,x845,NA
846,0.514018377009606,x846,NA
847,0.514030507740901,x847,NA
848,0.514020098315049,x848,NA
849,0.51396028703104,x849,NA
850,0.513982132650354,x850,NA
851,0.513971735528954,x851,NA
852,0.513992242059992,x852,NA
853,0.513945587029726,x853,NA
854,0.513909869709573,x854,NA
855,0.513934008200505,x855,NA
856,0.513915268630198,x856,NA
857,0.513903020146934,x857,NA
858,0.51389912251301,x858,NA
859,0.513860130641676,x859,NA
860,0.51384019056712,x860,NA
861,0.513853307932812,x861,NA
862,0.513833363866298,x862,NA
863,0.51381325265937,x863,NA
864,0.513762933863213,x864,NA
865,0.513724831645465,x865,NA
866,0.513708105059554,x866,NA
867,0.513679447277367,x867,NA
868,0.513656754369567,x868,NA
869,0.513621725939889,x869,NA
870,0.513582162582237,x870,NA
871,0.513563635467729,x871,NA
872,0.513559057645987,x872,NA
873,0.513514066174771,x873,NA
874,0.513482296122379,x874,NA
875,0.513470774909757,x875,NA
876,0.51344510452575,x876,NA
877,0.513421065969026,x877,NA
878,0.513386386153254,x878,NA
879,0.513353326537377,x879,NA
880,0.51332363260814,x880,NA
881,0.513293642270745,x881,NA
882,0.513247028875633,x882,NA
883,0.513236364053791,x883,NA
884,0.513196079177301,x884,NA
885,0.513156908172631,x885,NA
886,0.513121033691388,x886,NA
887,0.51307939681586,x887,NA
888,0.513029513045923,x888,NA
889,0.513010035493056,x889,NA
890,0.512963330192519,x890,NA
891,0.512911433223913,x891,NA
892,0.5128721090789,x892,NA
893,0.512840792170425,x893,NA
894,0.51279229692976,x894,NA
895,0.512756865962167,x895,NA
896,0.512721120181478,x896,NA
897,0.512679796346716,x897,NA
898,0.512651506482728,x898,NA
899,0.51262061734021,x899,NA
900,0.512584792696276,x900,NA
901,0.512530403705968,x901,NA
902,0.512494767180588,x902,NA
903,0.512465400097996,x903,NA
904,0.512427298956554,x904,NA
905,0.512375776186317,x905,NA
906,0.512323134228835,x906,NA
907,0.512282132530957,x907,NA
908,0.512220372542449,x908,NA
909,0.512160802211796,x909,NA
910,0.512097458351751,x910,NA
911,0.512036038188137,x911,NA
912,0.511970326049361,x912,NA
913,0.511901428625447,x913,NA
914,0.51181720270959,x914,NA
915,0.511722513795249,x915,NA
916,0.511634872260987,x916,NA
917,0.511532195556018,x917,NA
918,0.511433954811308,x918,NA
919,0.511331584692349,x919,NA
920,0.511227946918237,x920,NA
921,0.511120391209456,x921,NA
922,0.511002079496344,x922,NA
923,0.510886440371149,x923,NA
924,0.510770055941594,x924,NA
925,0.510638780841152,x925,NA
926,0.510506873625229,x926,NA
927,0.510352099684092,x927,NA
928,0.510187335301853,x928,NA
929,0.510039494562133,x929,NA
930,0.509862656878276,x930,NA
931,0.509705165243107,x931,NA
932,0.509529145037699,x932,NA
933,0.509336981861528,x933,NA
934,0.509131429246578,x934,NA
935,0.508893706017965,x935,NA
936,0.508622139317576,x936,NA
937,0.508330091573813,x937,NA
938,0.508017015075633,x938,NA
939,0.5076767722986,x939,NA
940,0.507312540423122,x940,NA
941,0.506903642399884,x941,NA
942,0.506455832490547,x942,NA
943,0.505960629520137,x943,NA
944,0.505435291799493,x944,NA
945,0.504888487463616,x945,NA
946,0.504315150409064,x946,NA
947,0.503704403117223,x947,NA
948,0.50305274125915,x948,NA
949,0.502381410673123,x949,NA
950,0.501701366023409,x950,NA
951,0.500989052541017,x951,NA
952,0.500276337203691,x952,NA
953,0.499575082032694,x953,NA
954,0.498872417231379,x954,NA
955,0.498205099685625,x955,NA
956,0.497539728385035,x956,NA
957,0.496923533827739,x957,NA
958,0.496355633400893,x958,NA
959,0.495825038123744,x959,NA
960,0.495351349575127,x960,NA
961,0.49493573852297,x961,NA
962,0.4945831939245,x962,NA
963,0.49425908622479,x963,NA
964,0.493957200744406,x964,NA
965,0.493710382410095,x965,NA
966,0.493490389668369,x966,NA
967,0.493314163618688,x967,NA
968,0.493146518530437,x968,NA
969,0.492992273437832,x969,NA
970,0.492861113150606,x970,NA
971,0.492747731294724,x971,NA
972,0.492628143138337,x972,NA
973,0.492524696905831,x973,NA
974,0.492417347725228,x974,NA
975,0.492282017287511,x975,NA
976,0.49215126605012,x976,NA
977,0.492030995982558,x977,NA
978,0.491915252402731,x978,NA
979,0.491793297631025,x979,NA
980,0.49166874965113,x980,NA
981,0.491561376123712,x981,NA
982,0.491459351158444,x982,NA
983,0.491342474338677,x983,NA
984,0.491234943945182,x984,NA
985,0.491146708297236,x985,NA
986,0.491079237893512,x986,NA
987,0.491023396923423,x987,NA
988,0.490993278181094,x988,NA
989,0.490981978384412,x989,NA
990,0.491004481218791,x990,NA
991,0.491054512965621,x991,NA
992,0.491131715814272,x992,NA
993,0.49122019835396,x993,NA
994,0.491321914520947,x994,NA
995,0.491445661858764,x995,NA
996,0.491576350104683,x996,NA
997,0.49170544384004,x997,NA
998,0.491857177117609,x998,NA
999,0.491995489945957,x999,NA
1000,0.492150790602141,x1000,NA
1001,0.492317867606757,x1001,NA
1002,0.492491172163666,x1002,NA
1003,0.492636843153201,x1003,NA
1004,0.492784455757212,x1004,NA
1005,0.492915223883283,x1005,NA
1006,0.493056729972397,x1006,NA
1007,0.493197732125446,x1007,NA
1008,0.493342001484833,x1008,NA
1009,0.493489156012016,x1009,NA
1010,0.493625285054602,x1010,NA
1011,0.493774963509469,x1011,NA
1012,0.493926019037192,x1012,NA
1013,0.49407340554454,x1013,NA
1014,0.494222131559725,x1014,NA
1015,0.494361951518738,x1015,NA
1016,0.494503435583854,x1016,NA
1017,0.494646754965841,x1017,NA
1018,0.494781926761797,x1018,NA
1019,0.494915296531209,x1019,NA
1020,0.495040843161526,x1020,NA
1021,0.49516101495263,x1021,22
1022,0.495271770462048,x1022,NA
1023,0.495371857693461,x1023,NA
1024,0.495464760142568,x1024,NA
1025,0.495553762097438,x1025,NA
1026,0.495651097753623,x1026,NA
1027,0.495752419634428,x1027,NA
1028,0.495854355505074,x1028,NA
1029,0.495960019388002,x1029,NA
1030,0.496069741374064,x1030,NA
1031,0.496192209481241,x1031,NA
1032,0.496315822100775,x1032,NA
1033,0.496437206953808,x1033,NA
1034,0.496546610950202,x1034,NA
1035,0.496645775415789,x1035,NA
1036,0.496745030335052,x1036,NA
1037,0.496859770181478,x1037,NA
1038,0.496978026040798,x1038,NA
1039,0.497097667925531,x1039,NA
1040,0.497217752037446,x1040,NA
1041,0.497334645252088,x1041,NA
1042,0.497448140542316,x1042,NA
1043,0.497572183241118,x1043,NA
1044,0.497687532890479,x1044,NA
1045,0.497796532433282,x1045,NA
1046,0.497891417679744,x1046,NA
1047,0.497980931808478,x1047,NA
1048,0.498069586024705,x1048,NA
1049,0.498144961482642,x1049,NA
1050,0.498226832924334,x1050,NA
1051,0.498312455513819,x1051,NA
1052,0.498398655579575,x1052,NA
1053,0.498487766423509,x1053,NA
1054,0.498569112838879,x1054,NA
1055,0.498635206519028,x1055,NA
1056,0.498695069024704,x1056,NA
1057,0.498750173491642,x1057,NA
1058,0.498800641977184,x1058,NA
1059,0.498845951915403,x1059,NA
1060,0.498893322513703,x1060,NA
1061,0.498931701676995,x1061,NA
1062,0.498969353351129,x1062,NA
1063,0.49899750534752,x1063,NA
1064,0.499010239611763,x1064,NA
1065,0.499014710625463,x1065,NA
1066,0.499009817462251,x1066,NA
1067,0.498998790089435,x1067,NA
1068,0.498987096047355,x1068,NA
1069,0.498972319466061,x1069,NA
1070,0.498958066273559,x1070,NA
1071,0.49894223314314,x1071,NA
1072,0.49892884962061,x1072,7
1073,0.498908376349327,x1073,NA
1074,0.498877847308899,x1074,NA
1075,0.498841843086519,x1075,NA
1076,0.498795019631242,x1076,NA
1077,0.498749959417728,x1077,NA
1078,0.498701677800085,x1078,NA
1079,0.498657293219061,x1079,NA
1080,0.498609724803657,x1080,NA
1081,0.498549891314524,x1081,NA
1082,0.498485593690208,x1082,NA
1083,0.4984108431924,x1083,NA
1084,0.49833954231286,x1084,NA
1085,0.498259254699174,x1085,NA
1086,0.498176049696428,x1086,NA
1087,0.498091580361913,x1087,NA
1088,0.498004478041573,x1088,NA
1089,0.497909648754212,x1089,NA
1090,0.497809887821807,x1090,NA
1091,0.497719345914257,x1091,NA
1092,0.497626956765419,x1092,NA
1093,0.497525245410349,x1093,NA
1094,0.497416359429778,x1094,NA
1095,0.497310157850874,x1095,NA
1096,0.497206112713987,x1096,3
1097,0.49711026934555,x1097,NA
1098,0.497006189700337,x1098,NA
1099,0.496892902049781,x1099,NA
1100,0.4967698103727,x1100,NA
1101,0.496646711629845,x1101,NA
1102,0.496517072202174,x1102,NA
1103,0.496386561785694,x1103,NA
1104,0.496246594108526,x1104,NA
1105,0.496107797707532,x1105,NA
1106,0.495977595627618,x1106,NA
1107,0.495850449504314,x1107,NA
1108,0.495718726812707,x1108,NA
1109,0.495568598471758,x1109,NA
1110,0.495400711963313,x1110,NA
1111,0.495236229219328,x1111,NA
1112,0.495062349841288,x1112,NA
1113,0.494885606448905,x1113,NA
1114,0.49469384005573,x1114,NA
1115,0.494489940340748,x1115,NA
1116,0.49427413208977,x1116,NA
1117,0.494052851279389,x1117,NA
1118,0.493828120329103,x1118,NA
1119,0.49358571533556,x1119,NA
1120,0.493322403362773,x1120,NA
1121,0.493029824718301,x1121,NA
1122,0.492710970006859,x1122,NA
1123,0.492368271285844,x1123,NA
1124,0.491994580093225,x1124,NA
1125,0.491576545750776,x1125,NA
1126,0.491123236730351,x1126,NA
1127,0.490616689283687,x1127,NA
1128,0.490058838137631,x1128,NA
1129,0.489463748666043,x1129,NA
1130,0.488835066923307,x1130,NA
1131,0.488154946260667,x1131,NA
1132,0.487424049620223,x1132,NA
1133,0.486631386234142,x1133,NA
1134,0.485775873413566,x1134,NA
1135,0.484853075121351,x1135,NA
1136,0.483874574205172,x1136,NA
1137,0.482857938106453,x1137,NA
1138,0.481804472759892,x1138,NA
1139,0.480703840171488,x1139,NA
1140,0.479567498204854,x1140,NA
1141,0.478409459990832,x1141,NA
1142,0.477243391050724,x1142,NA
1143,0.476071808659876,x1143,NA
1144,0.474918615271589,x1144,NA
1145,0.47376940012435,x1145,NA
1146,0.472656080869312,x1146,NA
1147,0.471575498172717,x1147,NA
1148,0.470541413084579,x1148,NA
1149,0.469548080566264,x1149,NA
1150,0.468595369057986,x1150,NA
1151,0.467695618672211,x1151,NA
1152,0.466848800592921,x1152,NA
1153,0.466063813694269,x1153,NA
1154,0.465334473457718,x1154,NA
1155,0.464697829194625,x1155,NA
1156,0.464125289351837,x1156,NA
1157,0.463606894865808,x1157,NA
1158,0.463147016931328,x1158,NA
1159,0.462745996558695,x1159,NA
1160,0.462394322261326,x1160,NA
1161,0.462069653429608,x1161,NA
1162,0.461779023358307,x1162,NA
1163,0.461522085692637,x1163,NA
1164,0.461292756538761,x1164,NA
1165,0.461093996187868,x1165,NA
1166,0.460913715843763,x1166,NA
1167,0.460750524078597,x1167,NA
1168,0.460599674362336,x1168,NA
1169,0.460461489922026,x1169,NA
1170,0.460330893631499,x1170,NA
1171,0.46021991470364,x1171,NA
1172,0.460107585514931,x1172,NA
1173,0.460000010957029,x1173,NA
1174,0.45987486245558,x1174,NA
1175,0.459760298274788,x1175,NA
1176,0.459635560063549,x1176,NA
1177,0.459509694199007,x1177,NA
1178,0.459385473313903,x1178,NA
1179,0.459261797201129,x1179,NA
1180,0.459145069944352,x1180,NA
1181,0.459027867493782,x1181,NA
1182,0.458917507361154,x1182,NA
1183,0.458804174399361,x1183,26
1184,0.458679910357481,x1184,NA
1185,0.458552840959453,x1185,NA
1186,0.458423746271622,x1186,NA
1187,0.458294393709185,x1187,NA
1188,0.458173111503977,x1188,NA
1189,0.458070290526221,x1189,NA
1190,0.457994288789704,x1190,NA
1191,0.457971761381498,x1191,NA
1192,0.457907729880753,x1192,NA
1193,0.457866437687191,x1193,NA
1194,0.457837314284598,x1194,NA
1195,0.457802984051467,x1195,NA
1196,0.457773844665066,x1196,NA
1197,0.45775184691554,x1197,NA
1198,0.457742003219902,x1198,NA
1199,0.457743916747625,x1199,NA
1200,0.457762742435945,x1200,NA
1201,0.457801458090713,x1201,NA
1202,0.457854634443344,x1202,NA
1203,0.457916228502375,x1203,NA
1204,0.457993807309301,x1204,NA
1205,0.458084965852039,x1205,18
1206,0.45819088860504,x1206,NA
1207,0.458309675427114,x1207,NA
1208,0.458439654945012,x1208,NA
1209,0.458582581206251,x1209,NA
1210,0.458732517595265,x1210,NA
1211,0.458885971754635,x1211,NA
1212,0.459043940487951,x1212,NA
1213,0.459211729513736,x1213,NA
1214,0.459384491472463,x1214,NA
1215,0.459565080998754,x1215,NA
1216,0.459751975868285,x1216,NA
1217,0.459942338930166,x1217,NA
1218,0.460136937212538,x1218,NA
1219,0.460332390402526,x1219,NA
1220,0.460530947505848,x1220,NA
1221,0.460733273635643,x1221,NA
1222,0.460934137563262,x1222,NA
1223,0.461126391586097,x1223,NA
1224,0.461316381959893,x1224,NA
1225,0.461501184090848,x1225,NA
1226,0.461672465432458,x1226,NA
1227,0.461830858188824,x1227,NA
1228,0.46199398013362,x1228,NA
1229,0.462153562417946,x1229,NA
1230,0.462310849292906,x1230,27
1231,0.462461473536433,x1231,NA
1232,0.462611036896005,x1232,NA
1233,0.462757973761998,x1233,NA
1234,0.462892746293075,x1234,NA
1235,0.463023709500995,x1235,NA
1236,0.46316710719769,x1236,NA
1237,0.46329860448261,x1237,NA
1238,0.463436241149597,x1238,NA
1239,0.463562175674165,x1239,NA
1240,0.463684816584109,x1240,NA
1241,0.46380529343426,x1241,NA
1242,0.463925449553794,x1242,NA
1243,0.464027472222211,x1243,NA
1244,0.464121168030453,x1244,NA
1245,0.46420715195814,x1245,NA
1246,0.464287106033906,x1246,NA
1247,0.46436072432725,x1247,NA
1248,0.464425878139888,x1248,NA
1249,0.464487826181142,x1249,NA
1250,0.464530655392956,x1250,NA
1251,0.464569584934193,x1251,NA
1252,0.464618234581646,x1252,NA
1253,0.464664657597994,x1253,NA
1254,0.464710084695701,x1254,NA
1255,0.464752436226861,x1255,NA
1256,0.46478457898544,x1256,NA
1257,0.464809682725717,x1257,NA
1258,0.464823092464138,x1258,NA
1259,0.464836045011004,x1259,NA
1260,0.464842087152055,x1260,NA
1261,0.464843124619043,x1261,NA
1262,0.464835614610126,x1262,NA
1263,0.464824695687208,x1263,NA
1264,0.464806600877755,x1264,NA
1265,0.464783777748584,x1265,NA
1266,0.464747983943646,x1266,NA
1267,0.464695647477502,x1267,NA
1268,0.464630322913211,x1268,NA
1269,0.464556969044436,x1269,NA
1270,0.464474321767204,x1270,NA
1271,0.464391977795703,x1271,NA
1272,0.464312560666836,x1272,NA
1273,0.464230248063449,x1273,NA
1274,0.464142172705713,x1274,NA
1275,0.46404035361965,x1275,NA
1276,0.463913978738776,x1276,NA
1277,0.463776786065404,x1277,NA
1278,0.463623280819499,x1278,NA
1279,0.463463162177622,x1279,NA
1280,0.46329575187511,x1280,NA
1281,0.463118481612049,x1281,NA
1282,0.462926050618504,x1282,NA
1283,0.462718948007531,x1283,NA
1284,0.462502723965504,x1284,NA
1285,0.462269827739268,x1285,NA
1286,0.462023060718556,x1286,NA
1287,0.461748901462353,x1287,NA
1288,0.461461653440142,x1288,NA
1289,0.461153448921688,x1289,NA
1290,0.460827345463228,x1290,NA
1291,0.460501174606265,x1291,17
1292,0.46016309856193,x1292,NA
1293,0.459809201153691,x1293,NA
1294,0.459437967734446,x1294,NA
1295,0.45904830084176,x1295,NA
1296,0.458650276281293,x1296,NA
1297,0.458239544421317,x1297,NA
1298,0.457812753304549,x1298,NA
1299,0.457369274827404,x1299,NA
1300,0.456908816575785,x1300,NA
1301,0.456428479210935,x1301,NA
1302,0.455936153511965,x1302,NA
1303,0.455423734108729,x1303,NA
1304,0.454886802454433,x1304,NA
1305,0.454324016402341,x1305,NA
1306,0.453727437659841,x1306,NA
1307,0.453096929217983,x1307,NA
1308,0.45243942125278,x1308,NA
1309,0.451746001723862,x1309,28
1310,0.451017207637731,x1310,NA
1311,0.450257504246242,x1311,NA
1312,0.449469722025818,x1312,NA
1313,0.448667704533652,x1313,NA
1314,0.447842209667274,x1314,NA
1315,0.446981882770693,x1315,NA
1316,0.446105965817358,x1316,NA
1317,0.445190625802983,x1317,NA
1318,0.444255499549849,x1318,NA
1319,0.443300820772495,x1319,NA
1320,0.44232723354277,x1320,NA
1321,0.441323857171992,x1321,NA
1322,0.440297225541624,x1322,NA
1323,0.439245393804129,x1323,NA
1324,0.438172090215014,x1324,NA
1325,0.437077189972279,x1325,NA
1326,0.435951695499426,x1326,NA
1327,0.434795360368014,x1327,NA
1328,0.433613299780115,x1328,NA
1329,0.432419107210348,x1329,NA
1330,0.431204210544539,x1330,NA
1331,0.429976921781883,x1331,NA
1332,0.4287333302424,x1332,NA
1333,0.427479293439703,x1333,NA
1334,0.426212811714393,x1334,NA
1335,0.424937448280584,x1335,NA
1336,0.423652358593579,x1336,NA
1337,0.42237147528731,x1337,NA
1338,0.421089255303,x1338,NA
1339,0.419807722753,x1339,NA
1340,0.418527260963346,x1340,NA
1341,0.417250011437697,x1341,NA
1342,0.415983028237699,x1342,NA
1343,0.41474108774973,x1343,NA
1344,0.413503737703269,x1344,NA
1345,0.41228251935642,x1345,NA
1346,0.411063287000706,x1346,NA
1347,0.409846594697606,x1347,NA
1348,0.408632576238186,x1348,NA
1349,0.407427622410534,x1349,NA
1350,0.40623517862698,x1350,NA
1351,0.405051779359186,x1351,NA
1352,0.403870683272632,x1352,NA
1353,0.40270886153726,x1353,25
1354,0.401535695911611,x1354,NA
1355,0.40035536102312,x1355,NA
1356,0.399153972956503,x1356,NA
1357,0.397941171662419,x1357,NA
1358,0.396707625656302,x1358,NA
1359,0.395472331907734,x1359,NA
1360,0.394214263100388,x1360,NA
1361,0.392902155780973,x1361,NA
1362,0.39152708157602,x1362,NA
1363,0.390097944624637,x1363,NA
1364,0.388622600841742,x1364,NA
1365,0.3870902345529,x1365,NA
1366,0.385480288460078,x1366,NA
1367,0.383782098857989,x1367,NA
1368,0.381983152706709,x1368,NA
1369,0.380046725942181,x1369,NA
1370,0.377978286801533,x1370,NA
1371,0.375772090730114,x1371,NA
1372,0.37342794669375,x1372,NA
1373,0.370904734346074,x1373,NA
1374,0.368236042568218,x1374,NA
1375,0.365371209877958,x1375,NA
1376,0.362310168248433,x1376,NA
1377,0.359009350003557,x1377,NA
1378,0.355527759291473,x1378,NA
1379,0.351847740571286,x1379,NA
1380,0.347947876167325,x1380,NA
1381,0.343812590169144,x1381,NA
1382,0.339468697130991,x1382,NA
1383,0.334918423003994,x1383,NA
1384,0.330135740391069,x1384,NA
1385,0.325161849254871,x1385,NA
1386,0.320007983432979,x1386,NA
1387,0.31472426643844,x1387,NA
1388,0.30929482735123,x1388,NA
1389,0.303792406058897,x1389,NA
1390,0.29820732840819,x1390,NA
1391,0.292545460256808,x1391,NA
1392,0.286795706760398,x1392,NA
1393,0.281005619090141,x1393,NA
1394,0.275193859878767,x1394,NA
1395,0.269415553822312,x1395,NA
1396,0.263710829779744,x1396,NA
1397,0.258074999364543,x1397,NA
1398,0.252548094230907,x1398,NA
1399,0.247169698693832,x1399,NA
1400,0.241953136752175,x1400,NA
1401,0.236905101234782,x1401,NA
1402,0.232022684874469,x1402,NA
1403,0.227312064755747,x1403,NA
1404,0.222786597148804,x1404,NA
1405,0.218440597274621,x1405,NA
1406,0.214294066940007,x1406,NA
1407,0.210361260483974,x1407,NA
1408,0.206635529837429,x1408,NA
1409,0.20312039118458,x1409,NA
1410,0.199822352435376,x1410,NA
1411,0.196743280853271,x1411,NA
1412,0.193860105569328,x1412,NA
1413,0.191177111950328,x1413,NA
1414,0.188682799271038,x1414,NA
1415,0.1863674523115,x1415,NA
1416,0.184209045183733,x1416,NA
1417,0.182226802634665,x1417,NA
1418,0.180391513520924,x1418,NA
1419,0.178690320446301,x1419,NA
1420,0.177121938222407,x1420,NA
1421,0.175688307158823,x1421,NA
1422,0.174380127030573,x1422,NA
1423,0.173180827628047,x1423,NA
1424,0.172079148389897,x1424,NA
1425,0.171080790019452,x1425,NA
1426,0.170169672571594,x1426,NA
1427,0.169327149929226,x1427,6
1428,0.1685642790774,x1428,NA
1429,0.167872601198068,x1429,NA
1430,0.167255346595019,x1430,NA
1431,0.166692632046855,x1431,NA
1432,0.166191446732052,x1432,NA
1433,0.165750954616722,x1433,NA
1434,0.165367405461887,x1434,NA
1435,0.165032041597127,x1435,NA
1436,0.164745655584371,x1436,NA
1437,0.164511048089919,x1437,NA
1438,0.164318513658679,x1438,NA
1439,0.164171356396765,x1439,NA
1440,0.164061819471614,x1440,NA
1441,0.163976377988013,x1441,NA
1442,0.163920823429155,x1442,NA
1443,0.163895704226261,x1443,NA
1444,0.163895844018771,x1444,NA
1445,0.163915571116401,x1445,NA
1446,0.163962049923829,x1446,NA
1447,0.164026160802578,x1447,NA
1448,0.164116036127995,x1448,NA
1449,0.164222217902735,x1449,NA
1450,0.164345595874235,x1450,NA
1451,0.164492296612484,x1451,NA
1452,0.164656374440765,x1452,NA
1453,0.164844546280228,x1453,NA
1454,0.165056818348701,x1454,NA
1455,0.165291639976222,x1455,NA
1456,0.165552082634375,x1456,NA
1457,0.165853827032544,x1457,NA
1458,0.166193744606222,x1458,NA
1459,0.166566504251047,x1459,NA
1460,0.166970706929701,x1460,NA
1461,0.167420881061166,x1461,NA
1462,0.167919842735536,x1462,NA
1463,0.168464176998237,x1463,NA
1464,0.16905677893377,x1464,NA
1465,0.169696424180361,x1465,NA
1466,0.17038785135001,x1466,NA
1467,0.171128132377078,x1467,NA
1468,0.171918981157219,x1468,NA
1469,0.172765987533491,x1469,NA
1470,0.173668761051664,x1470,NA
1471,0.174611759294432,x1471,NA
1472,0.175600961683655,x1472,NA
1473,0.176638859060534,x1473,NA
1474,0.177714617223308,x1474,NA
1475,0.178819711632073,x1475,NA
1476,0.179956514523118,x1476,NA
1477,0.181123407602083,x1477,NA
1478,0.182310277417495,x1478,NA
1479,0.183521522332317,x1479,NA
1480,0.184746331105728,x1480,NA
1481,0.185998024224932,x1481,NA
1482,0.187267279312407,x1482,NA
1483,0.18855427125271,x1483,NA
1484,0.189852170200021,x1484,NA
1485,0.191165347644261,x1485,NA
1486,0.192493282658026,x1486,NA
1487,0.193820494556622,x1487,NA
1488,0.195164361897125,x1488,30
1489,0.196518079166513,x1489,NA
1490,0.19787790102112,x1490,NA
1491,0.199249188793637,x1491,NA
1492,0.200636717305718,x1492,NA
1493,0.202035753500539,x1493,NA
1494,0.203447692743664,x1494,NA
1495,0.20485894667966,x1495,NA
1496,0.206275536071048,x1496,NA
1497,0.20769794212821,x1497,NA
1498,0.209123061761915,x1498,NA
1499,0.210545162645551,x1499,NA
1500,0.211966880967054,x1500,NA
1501,0.213392933778766,x1501,NA
1502,0.214822061289349,x1502,9
1503,0.216247702952174,x1503,NA
1504,0.217667753824571,x1504,NA
1505,0.219079139347001,x1505,NA
1506,0.220487717760802,x1506,NA
1507,0.221893445180891,x1507,NA
1508,0.223293654458695,x1508,NA
1509,0.224688740185659,x1509,NA
1510,0.22607491203603,x1510,NA
1511,0.227456842617594,x1511,NA
1512,0.228829017831799,x1512,NA
1513,0.230198376030266,x1513,NA
1514,0.231560991755882,x1514,NA
1515,0.23291398045278,x1515,NA
1516,0.234262450121959,x1516,NA
1517,0.235608720953556,x1517,NA
1518,0.236944125364409,x1518,NA
1519,0.238271802235575,x1519,NA
1520,0.239599237878817,x1520,NA
1521,0.240918188425109,x1521,NA
1522,0.242235784441118,x1522,NA
1523,0.243538257054651,x1523,NA
1524,0.244834587063667,x1524,NA
1525,0.246127811846191,x1525,NA
1526,0.247418723403555,x1526,NA
1527,0.248708337648146,x1527,NA
1528,0.249975575287918,x1528,NA
1529,0.251230788279272,x1529,NA
1530,0.25248125097098,x1530,11
1531,0.253719303843664,x1531,NA
1532,0.254946683016414,x1532,NA
1533,0.256162291696983,x1533,NA
1534,0.257365929753978,x1534,NA
1535,0.2585612139182,x1535,NA
1536,0.259745336004432,x1536,NA
1537,0.26093237596724,x1537,NA
1538,0.262110234816565,x1538,NA
1539,0.263274171425547,x1539,NA
1540,0.264428150230688,x1540,NA
1541,0.265570065855965,x1541,NA
1542,0.2667070416045,x1542,NA
1543,0.26782841726348,x1543,NA
1544,0.268937572412791,x1544,NA
1545,0.270038740512976,x1545,NA
1546,0.271122183887615,x1546,NA
1547,0.272197887839905,x1547,NA
1548,0.273248578843225,x1548,NA
1549,0.274289219220813,x1549,NA
1550,0.275326260583721,x1550,NA
1551,0.276353367896292,x1551,NA
1552,0.277373994445348,x1552,NA
1553,0.278386585930216,x1553,NA
1554,0.279380818824368,x1554,NA
1555,0.280367368620122,x1555,NA
1556,0.28134018910851,x1556,NA
1557,0.282300756240007,x1557,NA
1558,0.283252767278058,x1558,NA
1559,0.28419167108153,x1559,NA
1560,0.285128218225429,x1560,NA
1561,0.286050806710667,x1561,NA
1562,0.286959858616801,x1562,NA
1563,0.287859037726104,x1563,NA
1564,0.288753136640983,x1564,NA
1565,0.2896347002258,x1565,NA
1566,0.29051701027821,x1566,NA
1567,0.291394800590598,x1567,NA
1568,0.292270466504652,x1568,NA
1569,0.293143636127115,x1569,NA
1570,0.294007745195028,x1570,NA
1571,0.294864405654314,x1571,NA
1572,0.295700090119666,x1572,NA
1573,0.296516373086738,x1573,NA
1574,0.297324263859049,x1574,NA
1575,0.298119922253253,x1575,NA
1576,0.298908408751838,x1576,NA
1577,0.299683811495803,x1577,NA
1578,0.300451646219987,x1578,NA
1579,0.30120943561574,x1579,NA
1580,0.301960597760752,x1580,NA
1581,0.302698779962538,x1581,NA
1582,0.303436825231783,x1582,NA
1583,0.304178060454246,x1583,NA
1584,0.304915345840225,x1584,NA
1585,0.30564378977184,x1585,10
1586,0.306361671903371,x1586,NA
1587,0.307066962909961,x1587,NA
1588,0.307761962102191,x1588,NA
1589,0.30844475795787,x1589,NA
1590,0.30911108460755,x1590,NA
1591,0.309765716560129,x1591,NA
1592,0.310425953456405,x1592,NA
1593,0.311076825112504,x1593,NA
1594,0.311721700538422,x1594,NA
1595,0.312359137608359,x1595,NA
1596,0.312991210194254,x1596,NA
1597,0.31362317305086,x1597,NA
1598,0.314247839298551,x1598,NA
1599,0.314874748026171,x1599,NA
1600,0.315493705229625,x1600,24
1601,0.316103920852427,x1601,NA
1602,0.31671114167511,x1602,NA
1603,0.31731415397484,x1603,NA
1604,0.317907198401129,x1604,NA
1605,0.318494677979643,x1605,NA
1606,0.319065638760011,x1606,NA
1607,0.319623199334731,x1607,NA
1608,0.320168512747523,x1608,NA
1609,0.320689884044893,x1609,NA
1610,0.321211289684547,x1610,NA
1611,0.321723354982761,x1611,NA
1612,0.322213370561392,x1612,NA
1613,0.322688658396461,x1613,NA
1614,0.323154863104483,x1614,NA
1615,0.323621236372278,x1615,NA
1616,0.324076230758055,x1616,NA
1617,0.324526455778682,x1617,NA
1618,0.324976038450825,x1618,NA
1619,0.325414463687125,x1619,NA
1620,0.32585238788908,x1620,NA
1621,0.326288571131127,x1621,NA
1622,0.326729171974637,x1622,NA
1623,0.327170496939451,x1623,NA
1624,0.327606515195096,x1624,NA
1625,0.328030918058393,x1625,NA
1626,0.328424771540243,x1626,NA
1627,0.328793892846528,x1627,NA
1628,0.329160698693006,x1628,NA
1629,0.329517919653876,x1629,NA
1630,0.329873254480485,x1630,12
1631,0.330224846049815,x1631,NA
1632,0.330575914405864,x1632,NA
1633,0.330918799363802,x1633,NA
1634,0.331260068627182,x1634,NA
1635,0.331591993636889,x1635,NA
1636,0.331920549790056,x1636,NA
1637,0.332234333249157,x1637,NA
1638,0.332538655946276,x1638,NA
1639,0.33282797282806,x1639,NA
1640,0.333100718032574,x1640,NA
1641,0.333359417479812,x1641,NA
1642,0.33359944817233,x1642,NA
1643,0.3338276576651,x1643,NA
1644,0.334028742518823,x1644,NA
1645,0.334210273199123,x1645,NA
1646,0.334384080866466,x1646,NA
1647,0.334542508754011,x1647,NA
1648,0.334689327938506,x1648,NA
1649,0.334819933770104,x1649,NA
1650,0.334938269423863,x1650,NA
1651,0.335035604844877,x1651,NA
1652,0.335111124091372,x1652,NA
1653,0.335186732282102,x1653,NA
1654,0.335244877156706,x1654,NA
1655,0.335297831382492,x1655,NA
1656,0.33533861681916,x1656,NA
1657,0.335360149265756,x1657,NA
1658,0.335357531789129,x1658,NA
1659,0.335344342693394,x1659,NA
1660,0.335322667104819,x1660,NA
1661,0.335281243022211,x1661,NA
1662,0.335221165673222,x1662,NA
1663,0.335163316330738,x1663,NA
1664,0.335088282703572,x1664,NA
1665,0.334993200187494,x1665,NA
1666,0.334882398006606,x1666,NA
1667,0.334763378717357,x1667,NA
1668,0.334644876861442,x1668,NA
1669,0.334534993129036,x1669,NA
1670,0.334444737012387,x1670,13
1671,0.334400995782929,x1671,NA
1672,0.334308114968435,x1672,NA
1673,0.334221454260803,x1673,NA
1674,0.334139605507836,x1674,NA
1675,0.334056564519076,x1675,NA
1676,0.333984941817998,x1676,NA
1677,0.333897231527788,x1677,NA
1678,0.333797204641641,x1678,NA
1679,0.333676324334664,x1679,NA
1680,0.333534741210314,x1680,NA
1681,0.333363678608343,x1681,NA
1682,0.33316198700964,x1682,NA
1683,0.332934857214273,x1683,NA
1684,0.332682439033805,x1684,NA
1685,0.332397928800894,x1685,NA
1686,0.332085281295804,x1686,NA
1687,0.331752386051517,x1687,NA
1688,0.33141053860787,x1688,NA
1689,0.331058696462116,x1689,NA
1690,0.330707361606437,x1690,NA
1691,0.330349428129441,x1691,NA
1692,0.329976755785272,x1692,15
1693,0.329589016928109,x1693,NA
1694,0.329193258184462,x1694,NA
1695,0.328793333194591,x1695,NA
1696,0.328394989678564,x1696,NA
1697,0.327995708503724,x1697,NA
1698,0.327587317332002,x1698,NA
1699,0.327169516963701,x1699,NA
1700,0.326737382694405,x1700,NA
1701,0.326296544483012,x1701,8
1702,0.325852925913145,x1702,NA
1703,0.325404386003421,x1703,NA
1704,0.324955166578144,x1704,NA
1705,0.324502922465251,x1705,NA
1706,0.324054717762133,x1706,NA
1707,0.323590926741591,x1707,NA
1708,0.32311804968244,x1708,NA
1709,0.322644272175632,x1709,NA
1710,0.322165594462842,x1710,NA
1711,0.32169662965263,x1711,NA
1712,0.321232874183755,x1712,NA
1713,0.320766686063852,x1713,NA
1714,0.320293651998972,x1714,NA
1715,0.319822728451045,x1715,NA
1716,0.319355355824604,x1716,NA
1717,0.318890172068992,x1717,4
1718,0.318426258346176,x1718,NA
1719,0.31796212511306,x1719,NA
1720,0.317494323688742,x1720,NA
1721,0.31702314861606,x1721,NA
1722,0.316547351953337,x1722,NA
1723,0.316069075576088,x1723,NA
1724,0.315592372626963,x1724,NA
1725,0.315107761373576,x1725,NA
1726,0.314625780818048,x1726,NA
1727,0.314154610593968,x1727,NA
1728,0.313685967385372,x1728,NA
1729,0.313220075179845,x1729,NA
1730,0.312765176700995,x1730,NA
1731,0.312321701987057,x1731,NA
1732,0.311883107954044,x1732,NA
1733,0.311438684870779,x1733,NA
1734,0.310988458416482,x1734,NA
1735,0.310536115811173,x1735,NA
1736,0.310071133118267,x1736,NA
1737,0.309595783110634,x1737,NA
1738,0.30910021500578,x1738,NA
1739,0.308592944918857,x1739,NA
1740,0.308067652362504,x1740,NA
1741,0.307524471924217,x1741,NA
1742,0.306955120974486,x1742,NA
1743,0.306361317821132,x1743,NA
1744,0.305758914161694,x1744,NA
1745,0.305146349935591,x1745,NA
1746,0.304529397999612,x1746,NA
1747,0.303910150940866,x1747,NA
1748,0.303292027601198,x1748,NA
1749,0.302670000107364,x1749,NA
1750,0.302050669838473,x1750,NA
1751,0.301441034334176,x1751,NA
1752,0.300830380825565,x1752,NA
1753,0.300211431150573,x1753,NA
1754,0.299581389076289,x1754,NA
1755,0.298941715149798,x1755,NA
1756,0.298304297093074,x1756,NA
1757,0.2976770395954,x1757,NA
1758,0.297055740974267,x1758,NA
1759,0.29644424569968,x1759,NA
1760,0.29583782152639,x1760,NA
1761,0.295236104788995,x1761,NA
1762,0.294644799848433,x1762,NA
1763,0.294060139606723,x1763,NA
1764,0.29348784620878,x1764,NA
1765,0.29293077863935,x1765,NA
1766,0.292399351057617,x1766,NA
1767,0.291893020501702,x1767,NA
1768,0.29140264677602,x1768,NA
1769,0.290942751111812,x1769,NA
1770,0.290504038229627,x1770,5
1771,0.290079270482795,x1771,NA
1772,0.289663880441658,x1772,NA
1773,0.289251164027605,x1773,NA
1774,0.28883921373539,x1774,NA
1775,0.288430744124689,x1775,NA
1776,0.288020419382136,x1776,NA
1777,0.287633871845955,x1777,NA
1778,0.287255470618925,x1778,NA
1779,0.286898875089619,x1779,NA
1780,0.28656695156761,x1780,NA
1781,0.286269752042754,x1781,NA
1782,0.285994895058258,x1782,NA
1783,0.285741866605325,x1783,NA
1784,0.285512746082035,x1784,NA
1785,0.285304567106066,x1785,NA
1786,0.28510503333716,x1786,NA
1787,0.284913953995382,x1787,NA
1788,0.284728420161088,x1788,NA
1789,0.284555887338541,x1789,NA
1790,0.284397832604718,x1790,NA
1791,0.284243192077974,x1791,NA
1792,0.284118713688826,x1792,NA
1793,0.284015256873238,x1793,NA
1794,0.283931520476794,x1794,NA
1795,0.2838586322621,x1795,NA
1796,0.283790598934361,x1796,NA
1797,0.283735297409926,x1797,NA
1798,0.283686764800202,x1798,NA
1799,0.283639223261528,x1799,NA
1800,0.283597164807398,x1800,NA
1801,0.283563198724622,x1801,NA
1802,0.283539503133636,x1802,NA
1803,0.283513724250102,x1803,NA
1804,0.283483123764644,x1804,NA
1805,0.283450763345568,x1805,NA
1806,0.283425600846495,x1806,NA
1807,0.28340163565541,x1807,NA
1808,0.283382764569954,x1808,NA
1809,0.283379294961661,x1809,NA
1810,0.283378936010415,x1810,NA
1811,0.283375880715032,x1811,NA
1812,0.283366606699274,x1812,NA
1813,0.283350982439079,x1813,NA
1814,0.283335614935036,x1814,NA
1815,0.283319421161039,x1815,NA
1816,0.283294793892349,x1816,NA
1817,0.283258796418807,x1817,NA
1818,0.28321477017563,x1818,NA
1819,0.283164888643242,x1819,NA
1820,0.283093946404431,x1820,NA
1821,0.282989888233637,x1821,NA
1822,0.282858228664913,x1822,NA
1823,0.282694327859117,x1823,NA
1824,0.282497780926155,x1824,NA
1825,0.282279193518386,x1825,NA
1826,0.282028174747691,x1826,NA
1827,0.281734142468926,x1827,NA
1828,0.281412010322818,x1828,NA
1829,0.281065939552831,x1829,NA
1830,0.280701532021689,x1830,29
1831,0.280317989859993,x1831,NA
1832,0.279897656480502,x1832,NA
1833,0.279432962939383,x1833,NA
1834,0.27892820277848,x1834,NA
1835,0.278382706438052,x1835,NA
1836,0.277760903370509,x1836,NA
1837,0.277078161676913,x1837,NA
1838,0.276332569154921,x1838,NA
1839,0.275524498154921,x1839,NA
1840,0.274643713315959,x1840,NA
1841,0.27368747617644,x1841,NA
1842,0.272631772244406,x1842,NA
1843,0.271461402203792,x1843,NA
1844,0.270191017061121,x1844,NA
1845,0.268820913561493,x1845,NA
1846,0.267341607532306,x1846,NA
1847,0.265755020170476,x1847,NA
1848,0.264063551237194,x1848,NA
1849,0.26224164851633,x1849,NA
1850,0.260300497292769,x1850,NA
1851,0.25822919524968,x1851,NA
1852,0.256012233490563,x1852,NA
1853,0.253655297677552,x1853,NA
1854,0.251155994274385,x1854,NA
1855,0.248482021435338,x1855,NA
1856,0.245646150596898,x1856,NA
1857,0.242655383104719,x1857,NA
1858,0.239506745434715,x1858,NA
1859,0.236180563921049,x1859,NA
1860,0.232718356750572,x1860,NA
1861,0.22912706371606,x1861,NA
1862,0.225400164111274,x1862,NA
1863,0.221560572656404,x1863,NA
1864,0.217588891416701,x1864,NA
1865,0.213498612992989,x1865,NA
1866,0.209298660129777,x1866,NA
1867,0.205002049269531,x1867,NA
1868,0.200601695179895,x1868,NA
1869,0.196084984048466,x1869,NA
1870,0.191456138829693,x1870,NA
1871,0.186759817076101,x1871,NA
1872,0.181953896731782,x1872,NA
1873,0.177042435543696,x1873,NA
1874,0.172055344999286,x1874,NA
1875,0.166996144054097,x1875,NA
1876,0.161856683135771,x1876,NA
1877,0.156669731299716,x1877,NA
1878,0.151431816322897,x1878,NA
1879,0.146147033520331,x1879,NA
1880,0.140891526767858,x1880,NA
1881,0.135650966710174,x1881,NA
1882,0.130235995357801,x1882,NA
1883,0.124731419620768,x1883,NA
1884,0.119357680730715,x1884,NA
1885,0.114048038477474,x1885,NA
1886,0.108849443183797,x1886,NA
1887,0.103821992430765,x1887,NA
1888,0.0989925173590883,x1888,NA
1889,0.0943661666107701,x1889,NA
1890,0.089929916195047,x1890,NA
1891,0.0856415994121167,x1891,NA
1892,0.081758992302988,x1892,NA
1893,0.0782348164792957,x1893,NA
1894,0.0749195814120325,x1894,NA
1895,0.0718612791776609,x1895,NA
1896,0.0690407003248197,x1896,NA
1897,0.0664809440375264,x1897,NA
1898,0.0641521254220877,x1898,NA
1899,0.0619924785183114,x1899,NA
1900,0.0600261513472681,x1900,NA
1901,0.0582509486834089,x1901,NA
1902,0.056632303662959,x1902,NA
1903,0.0551777024403284,x1903,NA
1904,0.0538790920148417,x1904,NA
1905,0.0527256717711005,x1905,NA
1906,0.0516995096405545,x1906,NA
1907,0.0507774511544456,x1907,NA
1908,0.0499532880132456,x1908,NA
1909,0.0492222668795536,x1909,NA
1910,0.048573262619577,x1910,NA
1911,0.0480070751392889,x1911,NA
1912,0.0475123100259942,x1912,NA
1913,0.0470813277317576,x1913,NA
1914,0.0467092326357886,x1914,NA
1915,0.0463806628801196,x1915,NA
1916,0.0460884700059034,x1916,NA
1917,0.045832882359459,x1917,NA
1918,0.04561595734653,x1918,NA
1919,0.0454266171169329,x1919,NA
1920,0.045267746279973,x1920,NA
1921,0.0451486949417037,x1921,NA
1922,0.0450577081126946,x1922,NA
1923,0.044993613352388,x1923,NA
1924,0.0449503218081901,x1924,20
1925,0.0449142369607027,x1925,NA
1926,0.0449040043004027,x1926,NA
1927,0.0449125465212655,x1927,NA
1928,0.0449166612746461,x1928,NA
1929,0.0448943055591286,x1929,NA
1930,0.0448777393426713,x1930,NA
1931,0.0449226972417072,x1931,NA
1932,0.0450194139982322,x1932,NA
1933,0.0451510680873188,x1933,NA
1934,0.0453339741902866,x1934,NA
1935,0.0455670457241642,x1935,NA
1936,0.0457958013793209,x1936,NA
1937,0.0459927438275734,x1937,NA
1938,0.0461902388421217,x1938,NA
1939,0.0464091696516499,x1939,NA
1940,0.0466551837565268,x1940,NA
1941,0.0469178146306605,x1941,NA
1942,0.0472017055725868,x1942,NA
1943,0.0475002470465436,x1943,NA
1944,0.0478046692647421,x1944,NA
1945,0.048119602441195,x1945,NA
1946,0.0484475798966615,x1946,NA
1947,0.0487862068742063,x1947,NA
1948,0.0491341848561798,x1948,NA
1949,0.0494992078037379,x1949,NA
1950,0.0498779405608274,x1950,NA
1951,0.0502642227243326,x1951,NA
1952,0.0506636872987647,x1952,NA
1953,0.0510727035855764,x1953,NA
1954,0.0514922842693244,x1954,NA
1955,0.051919916233079,x1955,NA
1956,0.0523625120741167,x1956,NA
1957,0.0528193332942365,x1957,NA
1958,0.0532847981551821,x1958,NA
1959,0.0537680499365336,x1959,NA
1960,0.0542658331477063,x1960,NA
1961,0.0547711142903826,x1961,NA
1962,0.0552881692035523,x1962,NA
1963,0.0558137334125125,x1963,NA
1964,0.0563405517524149,x1964,NA
1965,0.0568678835589232,x1965,NA
1966,0.057409830315954,x1966,NA
1967,0.0579677768906673,x1967,NA
1968,0.0585356166834295,x1968,NA
1969,0.059123613984085,x1969,NA
1970,0.0597305306377114,x1970,NA
1971,0.0603417830815588,x1971,NA
1972,0.0609477051721874,x1972,NA
1973,0.0615475385268285,x1973,NA
1974,0.062158365831879,x1974,NA
1975,0.0627861351593259,x1975,NA
1976,0.0634289862731444,x1976,NA
1977,0.0640843621884529,x1977,NA
1978,0.0647536496141322,x1978,NA
1979,0.0654288568124774,x1979,NA
1980,0.0661082965747236,x1980,NA
1981,0.0667981859027873,x1981,NA
1982,0.0674909817235541,x1982,NA
1983,0.0681897003976054,x1983,NA
1984,0.0688987452568082,x1984,NA
1985,0.0696095180390968,x1985,NA
1986,0.0703200174860432,x1986,NA
1987,0.0710382081047963,x1987,23
1988,0.071762841962572,x1988,NA
1989,0.0725007310905545,x1989,NA
1990,0.0732444150643594,x1990,NA
1991,0.0739893716620237,x1991,NA
1992,0.0747362522727603,x1992,NA
1993,0.0754926844902177,x1993,NA
1994,0.0762404231042634,x1994,NA
1995,0.0770022109993378,x1995,NA
1996,0.0777639350305272,x1996,NA
1997,0.0785246303758914,x1997,NA
1998,0.0792826792956643,x1998,NA
1999,0.0800461045900808,x1999,NA
2000,0.0808178874160013,x2000,NA
2001,0.0815911543196813,x2001,NA
2002,0.0823666622176172,x2002,NA
2003,0.0831449735153288,x2003,NA
2004,0.0839224205950591,x2004,NA
2005,0.0847021735523306,x2005,NA
2006,0.0854737212247521,x2006,NA
2007,0.0862468600285219,x2007,NA
2008,0.0870095386094591,x2008,NA
2009,0.0877674243096305,x2009,NA
2010,0.0885234275890188,x2010,NA
2011,0.0892795377406927,x2011,NA
2012,0.090042516518475,x2012,NA
2013,0.0907958986074436,x2013,NA
2014,0.0915431276297792,x2014,NA
2015,0.0922950056367269,x2015,NA
2016,0.0930377141898097,x2016,NA
2017,0.0937783271406402,x2017,NA
2018,0.0945155547734309,x2018,NA
2019,0.095248834919181,x2019,NA
2020,0.0959798206263466,x2020,NA
2021,0.0967089722548025,x2021,NA
2022,0.0974342470640161,x2022,NA
2023,0.0981518638676644,x2023,NA
2024,0.0988627742586367,x2024,NA
2025,0.0995620707413288,x2025,NA
2026,0.100244392930703,x2026,NA
2027,0.100920545609097,x2027,NA
2028,0.101588622747467,x2028,NA
2029,0.102252190291712,x2029,NA
2030,0.102922091457904,x2030,NA
2031,0.103583757944876,x2031,NA
2032,0.104242379492474,x2032,NA
2033,0.104894442983745,x2033,NA
2034,0.105541390796891,x2034,NA
2035,0.106178965743259,x2035,NA
2036,0.106808184441777,x2036,NA
2037,0.10742936442515,x2037,NA
2038,0.108047175769427,x2038,NA
2039,0.108652341024392,x2039,2
2040,0.109250528147457,x2040,NA
2041,0.109837790150549,x2041,NA
2042,0.110418291183967,x2042,NA
2043,0.110986539858342,x2043,NA
2044,0.111559432592912,x2044,NA
2045,0.112128770942157,x2045,NA
2046,0.112691182799368,x2046,NA
2047,0.113254984962395,x2047,NA
2048,0.113822997427132,x2048,NA
2049,0.114392433773345,x2049,NA
2050,0.114965169079965,x2050,NA
2051,0.115538965185012,x2051,NA
2052,0.116110436617514,x2052,NA
2053,0.11669180237274,x2053,NA
2054,0.117277014773223,x2054,NA
2055,0.117860051015389,x2055,NA
2056,0.118441408378812,x2056,NA
2057,0.119029451183642,x2057,NA
2058,0.119614317468284,x2058,NA
2059,0.120200062562851,x2059,NA
2060,0.120785304233464,x2060,NA
2061,0.121374549104313,x2061,NA
2062,0.121975123522725,x2062,NA
2063,0.122578301441715,x2063,NA
2064,0.123180293477041,x2064,NA
2065,0.123791909505101,x2065,NA
2066,0.124395443456571,x2066,NA
2067,0.125000230183323,x2067,NA
2068,0.125604874975513,x2068,NA
2069,0.126219056208303,x2069,NA
2070,0.126837738759987,x2070,NA
2071,0.127447804774917,x2071,NA
2072,0.128046310568367,x2072,NA
2073,0.128639972641584,x2073,NA
2074,0.129229489824215,x2074,NA
2075,0.129813553526076,x2075,NA
2076,0.130389082427546,x2076,NA
2077,0.130969531941827,x2077,NA
2078,0.131556829501411,x2078,NA
2079,0.132147616543755,x2079,NA
2080,0.132737689134175,x2080,NA
2081,0.133332854782145,x2081,NA
2082,0.133919912709042,x2082,NA
2083,0.134472659064157,x2083,NA
2084,0.134992921114641,x2084,NA
2085,0.135509269909649,x2085,NA
2086,0.136051726826135,x2086,NA
2087,0.136603874296616,x2087,NA
2088,0.137173348899882,x2088,NA
2089,0.137780501318972,x2089,NA
2090,0.138420665962716,x2090,NA
2091,0.139033804158491,x2091,NA
2092,0.139611228982868,x2092,NA
2093,0.140170858445027,x2093,NA
2094,0.140721526754631,x2094,NA
2095,0.141260420972614,x2095,NA
2096,0.141792734791766,x2096,NA
2097,0.142338342779216,x2097,NA
2098,0.14289632364727,x2098,NA
2099,0.143457336211166,x2099,NA
2100,0.144015728939275,x2100,NA
2101,0.144567152250925,x2101,NA
2102,0.145110745614453,x2102,NA
2103,0.145649329065485,x2103,NA
2104,0.146174318766203,x2104,NA
2105,0.146685726567878,x2105,NA
2106,0.147192741365423,x2106,NA
2107,0.147689765171628,x2107,NA
2108,0.148195456110056,x2108,NA
2109,0.148704552674456,x2109,NA
2110,0.149227779856514,x2110,NA
2111,0.149753606167924,x2111,NA
2112,0.150276588879767,x2112,NA
2113,0.150808366882627,x2113,NA
2114,0.151338102473332,x2114,NA
2115,0.151856964075116,x2115,NA
2116,0.152363084422243,x2116,NA
2117,0.152862766473116,x2117,NA
2118,0.153350793735794,x2118,NA
2119,0.153825781521251,x2119,NA
2120,0.154293048056318,x2120,NA
2121,0.154752914110027,x2121,NA
2122,0.155203716982256,x2122,NA
2123,0.15565753364135,x2123,NA
2124,0.156104843604019,x2124,NA
2125,0.15653635201923,x2125,NA
2126,0.156965394564902,x2126,NA
2127,0.157401692149735,x2127,NA
2128,0.157844299763346,x2128,NA
2129,0.158271076873877,x2129,NA
2130,0.158678420754087,x2130,NA
2131,0.159067250474489,x2131,NA
2132,0.159438728239235,x2132,NA
2133,0.159801438127342,x2133,NA
2134,0.160167933146773,x2134,NA
2135,0.160532027563451,x2135,NA
2136,0.160889778822883,x2136,NA
2137,0.161236714726812,x2137,NA
2138,0.161578886152704,x2138,NA
2139,0.161922537719169,x2139,NA
2140,0.162268233519587,x2140,NA
2141,0.162611755826482,x2141,NA
2142,0.162945417678443,x2142,NA
2143,0.16326927602761,x2143,NA
2144,0.163582873097875,x2144,NA
2145,0.163893759959147,x2145,NA
2146,0.164195313745735,x2146,NA
2147,0.164495055965022,x2147,NA
2148,0.164785646842332,x2148,NA
2149,0.165055971516721,x2149,NA
2150,0.16533115114085,x2150,NA
2151,0.165612087008902,x2151,NA
2152,0.165881296362538,x2152,NA
2153,0.166136221423047,x2153,NA
2154,0.166393107555927,x2154,16
2155,0.166657547239614,x2155,NA
2156,0.16692272314603,x2156,NA
2157,0.16718750429289,x2157,NA
2158,0.167448894091116,x2158,NA
2159,0.167684061439138,x2159,NA
2160,0.167903412321616,x2160,NA
2161,0.168112869510499,x2161,NA
2162,0.16831446192804,x2162,NA
2163,0.168511914985852,x2163,NA
2164,0.168717473898537,x2164,NA
2165,0.168920072271188,x2165,NA
2166,0.169121927281276,x2166,NA
2167,0.169320873980817,x2167,NA
2168,0.169512546278463,x2168,NA
2169,0.169692947763151,x2169,NA
2170,0.169873527879395,x2170,NA
2171,0.170059074501136,x2171,NA
2172,0.170255355095598,x2172,NA
2173,0.170465998544695,x2173,NA
2174,0.170698354873035,x2174,NA
2175,0.170922165869946,x2175,NA
2176,0.171147176589301,x2176,NA
2177,0.171375378129843,x2177,NA
2178,0.171600555098818,x2178,NA
2179,0.171819944547859,x2179,NA
2180,0.172036120539333,x2180,NA
2181,0.172252200144913,x2181,NA
2182,0.172471250415444,x2182,NA
2183,0.17269735363644,x2183,NA
2184,0.172921041745439,x2184,NA
2185,0.173139580418067,x2185,NA
2186,0.173370345004792,x2186,NA
2187,0.173606469382974,x2187,NA
2188,0.173847667955279,x2188,NA
2189,0.174086499838885,x2189,NA
2190,0.174315612106771,x2190,NA
2191,0.174527711427536,x2191,NA
2192,0.17472405511994,x2192,NA
2193,0.1749345391851,x2193,NA
2194,0.175138858073517,x2194,NA
2195,0.175348327469971,x2195,NA
2196,0.175558014990388,x2196,NA
2197,0.175760135869085,x2197,NA
2198,0.175960783358757,x2198,NA
2199,0.176161145081766,x2199,NA
2200,0.176362387576739,x2200,NA
2201,0.176552028020029,x2201,NA
2202,0.176725335880049,x2202,NA
2203,0.176897786605284,x2203,NA
2204,0.177059148648751,x2204,NA
2205,0.17720665567893,x2205,NA
2206,0.177340620278003,x2206,NA
2207,0.177464922824215,x2207,NA
2208,0.177594696234439,x2208,NA
2209,0.177724831622105,x2209,NA
2210,0.177829816048585,x2210,NA
2211,0.177906983161873,x2211,NA
2212,0.177966816134506,x2212,NA
2213,0.178027505024068,x2213,NA
2214,0.178079423991465,x2214,NA
2215,0.17812299862428,x2215,NA
2216,0.178154135629733,x2216,NA
2217,0.178176550953592,x2217,NA
2218,0.178198009422243,x2218,NA
2219,0.178206576790158,x2219,NA
2220,0.178177739394144,x2220,NA
2221,0.178119036828849,x2221,NA
2222,0.178029644882403,x2222,NA
2223,0.177941676083924,x2223,NA
2224,0.17784283213928,x2224,NA
2225,0.177732211531628,x2225,NA
2226,0.177609902943321,x2226,NA
2227,0.177477048962594,x2227,NA
2228,0.177325296954314,x2228,NA
2229,0.177142136480453,x2229,NA
2230,0.176924887707246,x2230,NA
2231,0.176670544925278,x2231,NA
2232,0.176391304663682,x2232,NA
2233,0.176095754068418,x2233,NA
2234,0.175770122773888,x2234,NA
2235,0.175407314684274,x2235,NA
2236,0.17501023673773,x2236,NA
2237,0.17459249024193,x2237,NA
2238,0.174166813331365,x2238,NA
2239,0.173718800352987,x2239,NA
2240,0.173266196171805,x2240,NA
2241,0.172802339296298,x2241,NA
2242,0.172332378940445,x2242,NA
2243,0.171865639066969,x2243,NA
2244,0.171389182154608,x2244,NA
2245,0.170889689890681,x2245,NA
2246,0.170368289225204,x2246,NA
2247,0.169828749557327,x2247,19
2248,0.169285039700248,x2248,NA
2249,0.168729960269668,x2249,NA
2250,0.168148194961247,x2250,NA
2251,0.167556087358856,x2251,NA
2252,0.166956141618881,x2252,NA
2253,0.166343723183067,x2253,NA
2254,0.165730460066084,x2254,NA
2255,0.165095365976411,x2255,NA
2256,0.164466003455295,x2256,NA
2257,0.163843547653053,x2257,NA
2258,0.163229436724237,x2258,NA
2259,0.162608001145371,x2259,NA
2260,0.161969076111241,x2260,NA
2261,0.161321591728524,x2261,NA
2262,0.160684995983259,x2262,NA
2263,0.160048268732763,x2263,NA
2264,0.159413593257127,x2264,NA
2265,0.158782355848875,x2265,NA
2266,0.158174765437396,x2266,NA
2267,0.157602308283622,x2267,NA
2268,0.157034830172804,x2268,NA
2269,0.156450221731491,x2269,NA
2270,0.155861678560976,x2270,NA
2271,0.155282125686995,x2271,1
2272,0.154738639079063,x2272,NA
2273,0.154216252173511,x2273,NA
2274,0.153696970563457,x2274,NA
2275,0.153165382751496,x2275,NA
2276,0.152635863044068,x2276,NA
2277,0.152106663416212,x2277,NA
2278,0.151602068428007,x2278,NA
2279,0.151101940584341,x2279,NA
2280,0.150617796735576,x2280,NA
2281,0.150144782616524,x2281,NA
2282,0.149678868962337,x2282,NA
2283,0.149196005771982,x2283,NA
2284,0.148685872051925,x2284,NA
2285,0.148167888536604,x2285,NA
2286,0.147646323413338,x2286,NA
2287,0.147117796635776,x2287,NA
2288,0.146595901709993,x2288,NA
2289,0.146074132421038,x2289,NA
2290,0.145553828224143,x2290,NA
2291,0.14503556436021,x2291,NA
2292,0.144521469844696,x2292,NA
2293,0.143999544236567,x2293,NA
2294,0.143453292127081,x2294,NA
2295,0.142903373135838,x2295,NA
2296,0.142363733479886,x2296,NA
2297,0.141821859535771,x2297,NA
2298,0.141265565937729,x2298,NA
2299,0.140700526117108,x2299,NA
2300,0.140137686030061,x2300,NA
2301,0.139581789168897,x2301,NA
2302,0.13901240579769,x2302,NA
2303,0.138430116751707,x2303,NA
2304,0.137832107884422,x2304,NA
2305,0.137231592388084,x2305,NA
2306,0.136649591896394,x2306,NA
2307,0.136086057571235,x2307,NA
2308,0.135547601957367,x2308,NA
2309,0.135041922213876,x2309,NA
2310,0.134578668461773,x2310,NA
2311,0.134163425760121,x2311,NA
2312,0.133778180299188,x2312,NA
2313,0.133401491257723,x2313,NA
2314,0.133052399351883,x2314,NA
2315,0.132736035858868,x2315,NA
2316,0.132414188894194,x2316,NA
2317,0.132088504907705,x2317,NA
2318,0.131764047977297,x2318,NA
2319,0.131454496108202,x2319,NA
2320,0.131149300961399,x2320,NA
2321,0.130818312121675,x2321,NA
2322,0.130486405536344,x2322,NA
2323,0.130134683764124,x2323,NA
2324,0.129760860726899,x2324,NA
2325,0.12937978054703,x2325,NA
2326,0.128977185561354,x2326,NA
2327,0.128542877845782,x2327,NA
2328,0.128088570508718,x2328,NA
2329,0.127632783235917,x2329,NA
2330,0.12718618513522,x2330,NA
2331,0.126721088223647,x2331,NA
2332,0.126244846107061,x2332,NA
2333,0.125760570306523,x2333,NA
2334,0.125252010102959,x2334,NA
2335,0.124739434075531,x2335,NA
2336,0.124220699305262,x2336,NA
2337,0.123702373870041,x2337,NA
2338,0.12318882233523,x2338,NA
2339,0.122672385955876,x2339,NA
2340,0.122147406969939,x2340,NA
2341,0.121619707934976,x2341,NA
2342,0.121079923282537,x2342,NA
2343,0.120546976452666,x2343,NA
2344,0.120013635586626,x2344,NA
2345,0.11949270029541,x2345,NA
2346,0.118974959043696,x2346,NA
2347,0.118469834101461,x2347,NA
2348,0.117985697091249,x2348,NA
2349,0.117515365918804,x2349,NA
2350,0.117044576458281,x2350,NA
2351,0.116585469425694,x2351,NA
2352,0.116141728714995,x2352,NA
2353,0.115718059554663,x2353,NA
2354,0.115309703210022,x2354,NA
2355,0.114924304278077,x2355,NA
2356,0.114544980478305,x2356,NA
2357,0.114163275799183,x2357,NA
2358,0.113785024496899,x2358,NA
2359,0.113386003626997,x2359,NA
2360,0.11294755503465,x2360,NA
2361,0.112493397997211,x2361,NA
2362,0.112038328938508,x2362,NA
2363,0.11158808865881,x2363,NA
2364,0.111122408939658,x2364,NA
2365,0.110663010577325,x2365,NA
2366,0.110198029371712,x2366,NA
2367,0.109736347746917,x2367,NA
2368,0.109272635876572,x2368,NA
2369,0.108808881264048,x2369,NA
2370,0.108339881454907,x2370,NA
2371,0.107871584179786,x2371,NA
2372,0.107393169998229,x2372,NA
2373,0.106912447098296,x2373,NA
2374,0.106427426284292,x2374,NA
2375,0.105931304894486,x2375,NA
2376,0.105434074903175,x2376,NA
2377,0.104935147517351,x2377,NA
2378,0.104449769099885,x2378,NA
2379,0.103957794031919,x2379,NA
2380,0.103449967195105,x2380,NA
2381,0.102935860374877,x2381,NA
2382,0.102403219058387,x2382,NA
2383,0.101862291598671,x2383,NA
2384,0.101341587920821,x2384,NA
2385,0.100833484589725,x2385,NA
2386,0.1003199416735,x2386,NA
2387,0.0997844393414495,x2387,NA
2388,0.099249318473409,x2388,NA
2389,0.0987112855836756,x2389,NA
2390,0.0981753989109187,x2390,NA
2391,0.097640398346345,x2391,NA
2392,0.0971239005522653,x2392,NA
2393,0.0966016594273779,x2393,NA
2394,0.0960665629287191,x2394,NA
2395,0.0955376576504012,x2395,NA
2396,0.0950040395501769,x2396,NA
2397,0.0944713665430248,x2397,NA
2398,0.0939433168007095,x2398,NA
2399,0.0934138997141643,x2399,NA
2400,0.0928623253879139,x2400,NA
